ɒ,+---++0+---+--++--000-+-+-+0
ɒ̯,----++0+---+--++--000-+-+-+0
ɒ̯ː,--+-++0+---+--++--000-+-+-+0
ɒ̰,+---++0+---+-+++--000-+-+-+0
ɒ̰ː,+-+-++0+---+-+++--000-+-+-+0
ɒ̤,+---++0+---++-++--000-+-+-+0
ɒ̤ː,+-+-++0+---++-++--000-+-+-+0
ɒ̥,+---++0+------++--000-+-+-+0
ɒ̥ː,+-+-++0+------++--000-+-+-+0
ɒː,+-+-++0+---+--++--000-+-+-+0
ɒ̃,+---++0+--++--++--000-+-+-+0
ɒ̃ː,+-+-++0+--++--++--000-+-+-+0
ɒ˞,+---++0+---+--++-+++--+-+-+0
ɒ˞ː,+-+-++0+---+--++-+++--+-+-+0
ɑ,+---++0+---+------000-+-+-+0
ɑ̯,----++0+---+------000-+-+-+0
ɑ̯ː,--+-++0+---+------000-+-+-+0
ɑ̰,+---++0+---+-+----000-+-+-+0
ɑ̰ː,+-+-++0+---+-+----000-+-+-+0
ɑ̤,+---++0+---++-----000-+-+-+0
ɑ̤ː,+-+-++0+---++-----000-+-+-+0
ɑ̥,+---++0+----------000-+-+-+0
ɑ̥ː,+-+-++0+----------000-+-+-+0
ɑː,+-+-++0+---+------000-+-+-+0
ɑ̃,+---++0+--++------000-+-+-+0
ɑ̃ː,+-+-++0+--++------000-+-+-+0
ɑ˞,+---++0+---+-----+++--+-+-+0
ɑ˞ː,+-+-++0+---+-----+++--+-+-+0
ɶ,+---++0+---+--++--000-+-++-0
ɶ̯,----++0+---+--++--000-+-++-0
ɶ̯ː,--+-++0+---+--++--000-+-++-0
ɶ̰,+---++0+---+-+++--000-+-++-0
ɶ̰ː,+-+-++0+---+-+++--000-+-++-0
ɶ̤,+---++0+---++-++--000-+-++-0
ɶ̤ː,+-+-++0+---++-++--000-+-++-0
ɶ̥,+---++0+------++--000-+-++-0
ɶ̥ː,+-+-++0+------++--000-+-++-0
ɶː,+-+-++0+---+--++--000-+-++-0
ɶ̃,+---++0+--++--++--000-+-++-0
ɶ̃ː,+-+-++0+--++--++--000-+-++-0
ɶ˞,+---++0+---+--++-+++--+-++-0
ɶ˞ː,+-+-++0+---+--++-+++--+-++-0
a,+---++0+---+------000-+-+--0
a̯,----++0+---+------000-+-+--0
a̯ː,--+-++0+---+------000-+-+--0
a̰,+---++0+---+-+----000-+-+--0
a̰ː,+-+-++0+---+-+----000-+-+--0
a̤,+---++0+---++-----000-+-+--0
a̤ː,+-+-++0+---++-----000-+-+--0
ḁ,+---++0+----------000-+-+--0
ḁː,+-+-++0+----------000-+-+--0
aː,+-+-++0+---+------000-+-+--0
ã,+---++0+--++------000-+-+--0
ãː,+-+-++0+--++------000-+-+--0
a˞,+---++0+---+-----+++--+-+--0
a˞ː,+-+-++0+---+-----+++--+-+--0
æ,+---++0+---+------000-+-++-0
æ̯,----++0+---+------000-+-++-0
æ̯ː,--+-++0+---+------000-+-++-0
æ̰,+---++0+---+-+----000-+-++-0
æ̰ː,+-+-++0+---+-+----000-+-++-0
æ̤,+---++0+---++-----000-+-++-0
æ̤ː,+-+-++0+---++-----000-+-++-0
æ̥,+---++0+----------000-+-++-0
æ̥ː,+-+-++0+----------000-+-++-0
æː,+-+-++0+---+------000-+-++-0
æ̃,+---++0+--++------000-+-++-0
æ̃ː,+-+-++0+--++------000-+-++-0
æ˞,+---++0+---+-----+++--+-++-0
æ˞ː,+-+-++0+---+-----+++--+-++-0
ʌ,+---++0+---+------000-+---+-
ʌ̯,----++0+---+------000-+---+-
ʌ̯ː,--+-++0+---+------000-+---+-
ʌ̰,+---++0+---+-+----000-+---+-
ʌ̰ː,+-+-++0+---+-+----000-+---+-
ʌ̤,+---++0+---++-----000-+---+-
ʌ̤ː,+-+-++0+---++-----000-+---+-
ʌ̥,+---++0+----------000-+---+-
ʌ̥ː,+-+-++0+----------000-+---+-
ʌː,+-+-++0+---+------000-+---+-
ʌ̃,+---++0+--++------000-+---+-
ʌ̃ː,+-+-++0+--++------000-+---+-
ʌ˞,+---++0+---+-----+++--+---+-
ʌ˞ː,+-+-++0+---+-----+++--+---+-
ɔ,+---++0+---+--++--000-+---+-
ɔ̯,----++0+---+--++--000-+---+-
ɔ̯ː,--+-++0+---+--++--000-+---+-
ɔ̰,+---++0+---+-+++--000-+---+-
ɔ̰ː,+-+-++0+---+-+++--000-+---+-
ɔ̤,+---++0+---++-++--000-+---+-
ɔ̤ː,+-+-++0+---++-++--000-+---+-
ɔ̥,+---++0+------++--000-+---+-
ɔ̥ː,+-+-++0+------++--000-+---+-
ɔː,+-+-++0+---+--++--000-+---+-
ɔ̃,+---++0+--++--++--000-+---+-
ɔ̃ː,+-+-++0+--++--++--000-+---+-
ɔ˞,+---++0+---+--++-+++--+---+-
ɔ˞ː,+-+-++0+---+--++-+++--+---+-
o,+---++0+---+--++--000-+---++
o̯,----++0+---+--++--000-+---++
o̯ː,--+-++0+---+--++--000-+---++
o̰,+---++0+---+-+++--000-+---++
o̰ː,+-+-++0+---+-+++--000-+---++
o̤,+---++0+---++-++--000-+---++
o̤ː,+-+-++0+---++-++--000-+---++
o̥,+---++0+------++--000-+---++
o̥ː,+-+-++0+------++--000-+---++
oː,+-+-++0+---+--++--000-+---++
õ,+---++0+--++--++--000-+---++
õː,+-+-++0+--++--++--000-+---++
o˞,+---++0+---+--++-+++--+---++
o˞ː,+-+-++0+---+--++-+++--+---++
ɤ,+---++0+---+------000-+---++
ɤ̯,----++0+---+------000-+---++
ɤ̯ː,--+-++0+---+------000-+---++
ɤ̰,+---++0+---+-+----000-+---++
ɤ̰ː,+-+-++0+---+-+----000-+---++
ɤ̤,+---++0+---++-----000-+---++
ɤ̤ː,+-+-++0+---++-----000-+---++
ɤ̥,+---++0+----------000-+---++
ɤ̥ː,+-+-++0+----------000-+---++
ɤː,+-+-++0+---+------000-+---++
ɤ̃,+---++0+--++------000-+---++
ɤ̃ː,+-+-++0+--++------000-+---++
ɤ˞,+---++0+---+-----+++--+---++
ɤ˞ː,+-+-++0+---+-----+++--+---++
ɘ,+---++0+---+------000-+----+
ɘ̯,----++0+---+------000-+----+
ɘ̯ː,--+-++0+---+------000-+----+
ɘ̰,+---++0+---+-+----000-+----+
ɘ̰ː,+-+-++0+---+-+----000-+----+
ɘ̤,+---++0+---++-----000-+----+
ɘ̤ː,+-+-++0+---++-----000-+----+
ɘ̥,+---++0+----------000-+----+
ɘ̥ː,+-+-++0+----------000-+----+
ɘː,+-+-++0+---+------000-+----+
ɘ̃,+---++0+--++------000-+----+
ɘ̃ː,+-+-++0+--++------000-+----+
ɘ˞,+---++0+---+-----+++--+----+
ɘ˞ː,+-+-++0+---+-----+++--+----+
œ,+---++0+---+--++--000-+--+--
œ̯,----++0+---+--++--000-+--+--
œ̯ː,--+-++0+---+--++--000-+--+--
œ̰,+---++0+---+-+++--000-+--+--
œ̰ː,+-+-++0+---+-+++--000-+--+--
œ̤,+---++0+---++-++--000-+--+--
œ̤ː,+-+-++0+---++-++--000-+--+--
œ̥,+---++0+------++--000-+--+--
œ̥ː,+-+-++0+------++--000-+--+--
œː,+-+-++0+---+--++--000-+--+--
œ̃,+---++0+--++--++--000-+--+--
œ̃ː,+-+-++0+--++--++--000-+--+--
œ˞,+---++0+---+--++-+++--+--+--
œ˞ː,+-+-++0+---+--++-+++--+--+--
ə,+---++0+---+------000-+-----
ə̯,----++0+---+------000-+-----
ə̯ː,--+-++0+---+------000-+-----
ə̰,+---++0+---+-+----000-+-----
ə̰ː,+-+-++0+---+-+----000-+-----
ə̤,+---++0+---++-----000-+-----
ə̤ː,+-+-++0+---++-----000-+-----
ə̥,+---++0+----------000-+-----
ə̥ː,+-+-++0+----------000-+-----
əː,+-+-++0+---+------000-+-----
ə̃,+---++0+--++------000-+-----
ə̃ː,+-+-++0+--++------000-+-----
ə˞,+---++0+---+-----+++--+-----
ə˞ː,+-+-++0+---+-----+++--+-----
e,+---++0+---+------000-+--+-+
e̯,----++0+---+------000-+--+-+
e̯ː,--+-++0+---+------000-+--+-+
ḛ,+---++0+---+-+----000-+--+-+
ḛː,+-+-++0+---+-+----000-+--+-+
e̤,+---++0+---++-----000-+--+-+
e̤ː,+-+-++0+---++-----000-+--+-+
e̥,+---++0+----------000-+--+-+
e̥ː,+-+-++0+----------000-+--+-+
eː,+-+-++0+---+------000-+--+-+
ẽ,+---++0+--++------000-+--+-+
ẽː,+-+-++0+--++------000-+--+-+
e˞,+---++0+---+-----+++--+--+-+
e˞ː,+-+-++0+---+-----+++--+--+-+
ɞ,+---++0+---+--++--000-+-----
ɞ̯,----++0+---+--++--000-+-----
ɞ̯ː,--+-++0+---+--++--000-+-----
ɞ̰,+---++0+---+-+++--000-+-----
ɞ̰ː,+-+-++0+---+-+++--000-+-----
ɞ̤,+---++0+---++-++--000-+-----
ɞ̤ː,+-+-++0+---++-++--000-+-----
ɞ̥,+---++0+------++--000-+-----
ɞ̥ː,+-+-++0+------++--000-+-----
ɞː,+-+-++0+---+--++--000-+-----
ɞ̃,+---++0+--++--++--000-+-----
ɞ̃ː,+-+-++0+--++--++--000-+-----
ɞ˞,+---++0+---+--++-+++--+-----
ɞ˞ː,+-+-++0+---+--++-+++--+-----
ø,+---++0+---+--++--000-+--+-+
ø̯,----++0+---+--++--000-+--+-+
ø̯ː,--+-++0+---+--++--000-+--+-+
ø̰,+---++0+---+-+++--000-+--+-+
ø̰ː,+-+-++0+---+-+++--000-+--+-+
ø̤,+---++0+---++-++--000-+--+-+
ø̤ː,+-+-++0+---++-++--000-+--+-+
ø̥,+---++0+------++--000-+--+-+
ø̥ː,+-+-++0+------++--000-+--+-+
øː,+-+-++0+---+--++--000-+--+-+
ø̃,+---++0+--++--++--000-+--+-+
ø̃ː,+-+-++0+--++--++--000-+--+-+
ø˞,+---++0+---+--++-+++--+--+-+
ø˞ː,+-+-++0+---+--++-+++--+--+-+
ɛ,+---++0+---+------000-+--+--
ɛ̯,----++0+---+------000-+--+--
ɛ̯ː,--+-++0+---+------000-+--+--
ɛ̰,+---++0+---+-+----000-+--+--
ɛ̰ː,+-+-++0+---+-+----000-+--+--
ɛ̤,+---++0+---++-----000-+--+--
ɛ̤ː,+-+-++0+---++-----000-+--+--
ɛ̥,+---++0+----------000-+--+--
ɛ̥ː,+-+-++0+----------000-+--+--
ɛː,+-+-++0+---+------000-+--+--
ɛ̃,+---++0+--++------000-+--+--
ɛ̃ː,+-+-++0+--++------000-+--+--
ɛ˞,+---++0+---+-----+++--+--+--
ɛ˞ː,+-+-++0+---+-----+++--+--+--
ɵ,+---++0+---+--++--000-+----+
ɵ̯,----++0+---+--++--000-+----+
ɵ̯ː,--+-++0+---+--++--000-+----+
ɵ̰,+---++0+---+-+++--000-+----+
ɵ̰ː,+-+-++0+---+-+++--000-+----+
ɵ̤,+---++0+---++-++--000-+----+
ɵ̤ː,+-+-++0+---++-++--000-+----+
ɵ̥,+---++0+------++--000-+----+
ɵ̥ː,+-+-++0+------++--000-+----+
ɵː,+-+-++0+---+--++--000-+----+
ɵ̃,+---++0+--++--++--000-+----+
ɵ̃ː,+-+-++0+--++--++--000-+----+
ɵ˞,+---++0+---+--++-+++--+----+
ɵ˞ː,+-+-++0+---+--++-+++--+----+
ɯ,+---++0+---+------000-++--++
ɯ̯,----++0+---+------000-++--++
ɯ̯ː,--+-++0+---+------000-++--++
ɯ̰,+---++0+---+-+----000-++--++
ɯ̰ː,+-+-++0+---+-+----000-++--++
ɯ̤,+---++0+---++-----000-++--++
ɯ̤ː,+-+-++0+---++-----000-++--++
ɯ̥,+---++0+----------000-++--++
ɯ̥ː,+-+-++0+----------000-++--++
ɯː,+-+-++0+---+------000-++--++
ɯ̃,+---++0+--++------000-++--++
ɯ̃ː,+-+-++0+--++------000-++--++
ɯ˞,+---++0+---+-----+++--++--++
ɯ˞ː,+-+-++0+---+-----+++--++--++
u,+---++0+---+--++--000-++--++
u̯,----++0+---+--++--000-++--++
u̯ː,--+-++0+---+--++--000-++--++
ṵ,+---++0+---+-+++--000-++--++
ṵː,+-+-++0+---+-+++--000-++--++
ṳ,+---++0+---++-++--000-++--++
ṳː,+-+-++0+---++-++--000-++--++
u̥,+---++0+------++--000-++--++
u̥ː,+-+-++0+------++--000-++--++
uː,+-+-++0+---+--++--000-++--++
ũ,+---++0+--++--++--000-++--++
ũː,+-+-++0+--++--++--000-++--++
u˞,+---++0+---+--++-+++--++--++
u˞ː,+-+-++0+---+--++-+++--++--++
ʊ,+---++0+---+--++--000-++--+-
ʊ̯,----++0+---+--++--000-++--+-
ʊ̯ː,--+-++0+---+--++--000-++--+-
ʊ̰,+---++0+---+-+++--000-++--+-
ʊ̰ː,+-+-++0+---+-+++--000-++--+-
ʊ̤,+---++0+---++-++--000-++--+-
ʊ̤ː,+-+-++0+---++-++--000-++--+-
ʊ̥,+---++0+------++--000-++--+-
ʊ̥ː,+-+-++0+------++--000-++--+-
ʊː,+-+-++0+---+--++--000-++--+-
ʊ̃,+---++0+--++--++--000-++--+-
ʊ̃ː,+-+-++0+--++--++--000-++--+-
ʊ˞,+---++0+---+--++-+++--++--+-
ʊ˞ː,+-+-++0+---+--++-+++--++--+-
ɨ,+---++0+---+------000-++---+
ɨ̯,----++0+---+------000-++---+
ɨ̯ː,--+-++0+---+------000-++---+
ɨ̰,+---++0+---+-+----000-++---+
ɨ̰ː,+-+-++0+---+-+----000-++---+
ɨ̤,+---++0+---++-----000-++---+
ɨ̤ː,+-+-++0+---++-----000-++---+
ɨ̥,+---++0+----------000-++---+
ɨ̥ː,+-+-++0+----------000-++---+
ɨː,+-+-++0+---+------000-++---+
ɨ̃,+---++0+--++------000-++---+
ɨ̃ː,+-+-++0+--++------000-++---+
ɨ˞,+---++0+---+-----+++--++---+
ɨ˞ː,+-+-++0+---+-----+++--++---+
ʉ,+---++0+---+--++--000-++---+
ʉ̯,----++0+---+--++--000-++---+
ʉ̯ː,--+-++0+---+--++--000-++---+
ʉ̰,+---++0+---+-+++--000-++---+
ʉ̰ː,+-+-++0+---+-+++--000-++---+
ʉ̤,+---++0+---++-++--000-++---+
ʉ̤ː,+-+-++0+---++-++--000-++---+
ʉ̥,+---++0+------++--000-++---+
ʉ̥ː,+-+-++0+------++--000-++---+
ʉː,+-+-++0+---+--++--000-++---+
ʉ̃,+---++0+--++--++--000-++---+
ʉ̃ː,+-+-++0+--++--++--000-++---+
ʉ˞,+---++0+---+--++-+++--++---+
ʉ˞ː,+-+-++0+---+--++-+++--++---+
y,+---++0+---+--++--000-++-+-+
y̯,----++0+---+--++--000-++-+-+
y̯ː,--+-++0+---+--++--000-++-+-+
y̰,+---++0+---+-+++--000-++-+-+
y̰ː,+-+-++0+---+-+++--000-++-+-+
y̤,+---++0+---++-++--000-++-+-+
y̤ː,+-+-++0+---++-++--000-++-+-+
y̥,+---++0+------++--000-++-+-+
y̥ː,+-+-++0+------++--000-++-+-+
yː,+-+-++0+---+--++--000-++-+-+
ỹ,+---++0+--++--++--000-++-+-+
ỹː,+-+-++0+--++--++--000-++-+-+
y˞,+---++0+---+--++-+++--++-+-+
y˞ː,+-+-++0+---+--++-+++--++-+-+
i,+---++0+---+------000-++-+-+
i̯,----++0+---+------000-++-+-+
i̯ː,--+-++0+---+------000-++-+-+
ḭ,+---++0+---+-+----000-++-+-+
ḭː,+-+-++0+---+-+----000-++-+-+
i̤,+---++0+---++-----000-++-+-+
i̤ː,+-+-++0+---++-----000-++-+-+
i̥,+---++0+----------000-++-+-+
i̥ː,+-+-++0+----------000-++-+-+
iː,+-+-++0+---+------000-++-+-+
ĩ,+---++0+--++------000-++-+-+
ĩː,+-+-++0+--++------000-++-+-+
i˞,+---++0+---+-----+++--++-+-+
i˞ː,+-+-++0+---+-----+++--++-+-+
ʏ,+---++0+---+--++--000-++-+--
ʏ̯,----++0+---+--++--000-++-+--
ʏ̯ː,--+-++0+---+--++--000-++-+--
ʏ̰,+---++0+---+-+++--000-++-+--
ʏ̰ː,+-+-++0+---+-+++--000-++-+--
ʏ̤,+---++0+---++-++--000-++-+--
ʏ̤ː,+-+-++0+---++-++--000-++-+--
ʏ̥,+---++0+------++--000-++-+--
ʏ̥ː,+-+-++0+------++--000-++-+--
ʏː,+-+-++0+---+--++--000-++-+--
ʏ̃,+---++0+--++--++--000-++-+--
ʏ̃ː,+-+-++0+--++--++--000-++-+--
ʏ˞,+---++0+---+--++-+++--++-+--
ʏ˞ː,+-+-++0+---+--++-+++--++-+--
ɪ,+---++0+---+------000-++-+--
ɪ̯,----++0+---+------000-++-+--
ɪ̯ː,--+-++0+---+------000-++-+--
ɪ̰,+---++0+---+-+----000-++-+--
ɪ̰ː,+-+-++0+---+-+----000-++-+--
ɪ̤,+---++0+---++-----000-++-+--
ɪ̤ː,+-+-++0+---++-----000-++-+--
ɪ̥,+---++0+----------000-++-+--
ɪ̥ː,+-+-++0+----------000-++-+--
ɪː,+-+-++0+---+------000-++-+--
ɪ̃,+---++0+--++------000-++-+--
ɪ̃ː,+-+-++0+--++------000-++-+--
ɪ˞,+---++0+---+-----+++--++-+--
ɪ˞ː,+-+-++0+---+-----+++--++-+--
ŋ,---++-0---++------000-++-+-0
ŋ̩,+--++-0---++------000-++-+-0
ŋ̰,---++-0---++-+----000-++-+-0
ŋ̤,---++-0---+++-----000-++-+-0
ŋ̥,---++-0---+-------000-++-+-0
ŋ̟,---++-0---++------000-++-+-0
ŋ̠,---++-0---++------000-++--+0
ŋː,--+++-0---++------000-++-+-0
ŋʲ,---++-0---++------000-++-+-0
ŋʷ,---++-0---++--++--000-++-+-0
ŋˠ,---++-0---++------000-++--+0
ŋˁ,---++-0---++------000-+-+-+0
ʟ̟,---+++0+---+------000+++-+-0
ʟ̟̩,+--+++0+---+------000+++-+-0
ʟ̟̰,---+++0+---+-+----000+++-+-0
ʟ̟̤,---+++0+---++-----000+++-+-0
ʟ̟̥,---+++0+----------000+++-+-0
ʟ̟̟,---+++0+---+------000+++-+-0
ʟ̟̠,---+++0+---+------000+++--+0
ʟ̟ː,--++++0+---+------000+++-+-0
ʟ̟ʲ,---+++0+---+------000+++-+-0
ʟ̟ʷ,---+++0+---+--++--000+++-+-0
ʟ̟ˠ,---+++0+---+------000+++--+0
ʟ̟ˁ,---+++0+---+------000++-+-+0
ʟ̟̃,---+++0+--++------000+++-+-0
ɫ,---+++0+---+-----++--++---+0
ɫ̩,+--+++0+---+-----++--++---+0
ɫ̰,---+++0+---+-+---++--++---+0
ɫ̤,---+++0+---++----++--++---+0
ɫ̥,---+++0+---------++--++---+0
ɫ̪,---+++0+---+-----+++-++---+0
ɫ̺,---+++0+---+-----++--++---+0
ɫ̻,---+++0+---+-----+++-++---+0
ɫː,--++++0+---+-----++--++---+0
ɫʲ,---+++0+---+-----++--+++-+-0
ɫʷ,---+++0+---+--++-++--++---+0
ɫˠ,---+++0+---+-----++--+++--+0
ɫˁ,---+++0+---+-----++--++-+-+0
ɫ̃,---+++0+--++-----++--++---+0
ɴ,---++-0---++------000-+---+0
ɴ̩,+--++-0---++------000-+---+0
ɴ̰,---++-0---++-+----000-+---+0
ɴ̤,---++-0---+++-----000-+---+0
ɴ̥,---++-0---+-------000-+---+0
ɴː,--+++-0---++------000-+---+0
ɴʲ,---++-0---++------000-++-+-0
ɴʷ,---++-0---++--++--000-+---+0
ɴˠ,---++-0---++------000-++--+0
ɴˁ,---++-0---++------000-+-+-+0
ʀ,---+++0+-+-+------000-+---+0
ʀ̩,+--+++0+-+-+------000-+---+0
ʀ̰,---+++0+-+-+-+----000-+---+0
ʀ̤,---+++0+-+-++-----000-+---+0
ʀ̥,---+++0+-+--------000-+---+0
ʀː,--++++0+-+-+------000-+---+0
ʀʲ,---+++0+-+-+------000-++-+-0
ʀʷ,---+++0+-+-+--++--000-+---+0
ʀˠ,---+++0+-+-+------000-++--+0
ʀˁ,---+++0+-+-+------000-+-+-+0
ʀ̃,---+++0+-+++------000-+---+0
ɲ,---++-0---++-----+-+--++-+-0
ɲ̩,+--++-0---++-----+-+--++-+-0
ɲ̰,---++-0---++-+---+-+--++-+-0
ɲ̤,---++-0---+++----+-+--++-+-0
ɲ̥,---++-0---+------+-+--++-+-0
ɲ̺,---++-0---++-----+----++-+-0
ɲ̻,---++-0---++-----+-+--++-+-0
ɲ̟,---++-0---++-----+-+--++-+-0
ɲ̠,---++-0---++-----+-+--++--+0
ɲː,--+++-0---++-----+-+--++-+-0
ɲʲ,---++-0---++-----+-+--++-+-0
ɲʷ,---++-0---++--++-+-+--++-+-0
ɲˠ,---++-0---++-----+-+--++--+0
ɲˁ,---++-0---++-----+-+--+-+-+0
ʎ,---+++0+---+-----+-+-+++-+-0
ʎ̩,+--+++0+---+-----+-+-+++-+-0
ʎ̰,---+++0+---+-+---+-+-+++-+-0
ʎ̤,---+++0+---++----+-+-+++-+-0
ʎ̥,---+++0+---------+-+-+++-+-0
ʎ̺,---+++0+---+-----+---+++-+-0
ʎ̻,---+++0+---+-----+-+-+++-+-0
ʎ̟,---+++0+---+-----+-+-+++-+-0
ʎ̠,---+++0+---+-----+-+-+++--+0
ʎː,--++++0+---+-----+-+-+++-+-0
ʎʲ,---+++0+---+-----+-+-+++-+-0
ʎʷ,---+++0+---+--++-+-+-+++-+-0
ʎˠ,---+++0+---+-----+-+-+++--+0
ʎˁ,---+++0+---+-----+-+-++-+-+0
ʎ̃,---+++0+--++-----+-+-+++-+-0
ʟ,---+++0+---+------000+++-000
ʟ̩,+--+++0+---+------000+++-000
ʟ̰,---+++0+---+-+----000+++-000
ʟ̤,---+++0+---++-----000+++-000
ʟ̥,---+++0+----------000+++-000
ʟ̟,---+++0+---+------000+++-+-0
ʟ̠,---+++0+---+------000+++--+0
ʟː,--++++0+---+------000+++-000
ʟʲ,---+++0+---+------000+++-+-0
ʟʷ,---+++0+---+--++--000+++-000
ʟˠ,---+++0+---+------000+++--+0
ʟˁ,---+++0+---+------000++-+-+0
ʟ̃,---+++0+--++------000+++-000
ʟ̠,---+++0+---+------000+++--+0
ʟ̠̩,+--+++0+---+------000+++--+0
ʟ̠̰,---+++0+---+-+----000+++--+0
ʟ̠̤,---+++0+---++-----000+++--+0
ʟ̠̥,---+++0+----------000+++--+0
ʟ̠̟,---+++0+---+------000+++-+-0
ʟ̠̠,---+++0+---+------000+++--+0
ʟ̠ː,--++++0+---+------000+++--+0
ʟ̠ʲ,---+++0+---+------000+++-+-0
ʟ̠ʷ,---+++0+---+--++--000+++--+0
ʟ̠ˠ,---+++0+---+------000+++--+0
ʟ̠ˁ,---+++0+---+------000++-+-+0
ʟ̠̃,---+++0+--++------000+++--+0
ɳ,---++-0---++-----+-----00000
ɳ̩,+--++-0---++-----+-----00000
ɳ̰,---++-0---++-+---+-----00000
ɳ̤,---++-0---+++----+-----00000
ɳ̥,---++-0---+------+-----00000
ɳ̺,---++-0---++-----+-----00000
ɳ̻,---++-0---++-----+-+---00000
ɳː,--+++-0---++-----+-----00000
ɳʲ,---++-0---++-----+----++-+-0
ɳʷ,---++-0---++--++-+-----00000
ɳˠ,---++-0---++-----+----++--+0
ɳˁ,---++-0---++-----+----+-+-+0
ʙ,---+++0+-+-+--+---000--00000
ʙ̩,+--+++0+-+-+--+---000--00000
ʙ̰,---+++0+-+-+-++---000--00000
ʙ̤,---+++0+-+-++-+---000--00000
ʙ̥,---+++0+-+----+---000--00000
ʙː,--++++0+-+-+--+---000--00000
ʙʲ,---+++0+-+-+--+---000-++-+-0
ʙʷ,---+++0+-+-+--++--000--00000
ʙˠ,---+++0+-+-+--+---000-++--+0
ʙˁ,---+++0+-+-+--+---000-+-+-+0
ʙ̃,---+++0+-+++--+---000--00000
ɭ,---+++0+---+-----+---+-00000
ɭ̩,+--+++0+---+-----+---+-00000
ɭ̰,---+++0+---+-+---+---+-00000
ɭ̤,---+++0+---++----+---+-00000
ɭ̥,---+++0+---------+---+-00000
ɭ̺,---+++0+---+-----+---+-00000
ɭ̻,---+++0+---+-----+-+-+-00000
ɭː,--++++0+---+-----+---+-00000
ɭʲ,---+++0+---+-----+---+++-+-0
ɭʷ,---+++0+---+--++-+---+-00000
ɭˠ,---+++0+---+-----+---+++--+0
ɭˁ,---+++0+---+-----+---++-+-+0
ɭ̃,---+++0+--++-----+---+-00000
ɺ,---+++0++--+-----++--+-00000
ɺ̩,+--+++0++--+-----++--+-00000
ɺ̰,---+++0++--+-+---++--+-00000
ɺ̤,---+++0++--++----++--+-00000
ɺ̥,---+++0++--------++--+-00000
ɺ̪,---+++0++--+-----+++-+-00000
ɺ̺,---+++0++--+-----++--+-00000
ɺ̻,---+++0++--+-----+++-+-00000
ɺː,--++++0++--+-----++--+-00000
ɺʲ,---+++0++--+-----++--+++-+-0
ɺʷ,---+++0++--+--++-++--+-00000
ɺˠ,---+++0++--+-----++--+++--+0
ɺˁ,---+++0++--+-----++--++-+-+0
ɺ̃,---+++0++-++-----++--+-00000
ɻ,---+++0+---+-----+-----00000
ɻ̩,+--+++0+---+-----+-----00000
ɻ̰,---+++0+---+-+---+-----00000
ɻ̤,---+++0+---++----+-----00000
ɻ̥,---+++0+---------+-----00000
ɻ̺,---+++0+---+-----+-----00000
ɻ̻,---+++0+---+-----+-+---00000
ɻː,--++++0+---+-----+-----00000
ɻʲ,---+++0+---+-----+----++-+-0
ɻʷ,---+++0+---+--++-+-----00000
ɻˠ,---+++0+---+-----+----++--+0
ɻˁ,---+++0+---+-----+----+-+-+0
ɻ̃,---+++0+--++-----+-----00000
ɽ,---+++0++--+-----+-----00000
ɽ̩,+--+++0++--+-----+-----00000
ɽ̰,---+++0++--+-+---+-----00000
ɽ̤,---+++0++--++----+-----00000
ɽ̥,---+++0++--------+-----00000
ɽ̺,---+++0++--+-----+-----00000
ɽ̻,---+++0++--+-----+-+---00000
ɽː,--++++0++--+-----+-----00000
ɽʲ,---+++0++--+-----+----++-+-0
ɽʷ,---+++0++--+--++-+-----00000
ɽˠ,---+++0++--+-----+----++--+0
ɽˁ,---+++0++--+-----+----+-+-+0
ɽ̃,---+++0++-++-----+-----00000
r,---+++0+-+-+-----++----00000
r̩,+--+++0+-+-+-----++----00000
r̰,---+++0+-+-+-+---++----00000
r̤,---+++0+-+-++----++----00000
r̥,---+++0+-+-------++----00000
r̪,---+++0+-+-+-----+++---00000
r̺,---+++0+-+-+-----++----00000
r̻,---+++0+-+-+-----+++---00000
rː,--++++0+-+-+-----++----00000
rʲ,---+++0+-+-+-----++---++-+-0
rʷ,---+++0+-+-+--++-++----00000
rˠ,---+++0+-+-+-----++---++--+0
rˁ,---+++0+-+-+-----++---+-+-+0
r̃,---+++0+-+++-----++----00000
n,---++-0---++-----++----00000
n̩,+--++-0---++-----++----00000
n̰,---++-0---++-+---++----00000
n̤,---++-0---+++----++----00000
n̥,---++-0---+------++----00000
n̪,---++-0---++-----+++---00000
n̺,---++-0---++-----++----00000
n̻,---++-0---++-----+++---00000
nː,--+++-0---++-----++----00000
nʲ,---++-0---++-----++---++-+-0
nʷ,---++-0---++--++-++----00000
nˠ,---++-0---++-----++---++--+0
nˁ,---++-0---++-----++---+-+-+0
m,---++-0---++--+---000--00000
m̩,+--++-0---++--+---000--00000
m̰,---++-0---++-++---000--00000
m̤,---++-0---+++-+---000--00000
m̥,---++-0---+---+---000--00000
mː,--+++-0---++--+---000--00000
mʲ,---++-0---++--+---000-++-+-0
mʷ,---++-0---++--++--000--00000
mˠ,---++-0---++--+---000-++--+0
mˁ,---++-0---++--+---000-+-+-+0
l,---+++0+---+-----++--+-00000
l̩,+--+++0+---+-----++--+-00000
l̰,---+++0+---+-+---++--+-00000
l̤,---+++0+---++----++--+-00000
l̥,---+++0+---------++--+-00000
l̪,---+++0+---+-----+++-+-00000
l̺,---+++0+---+-----++--+-00000
l̻,---+++0+---+-----+++-+-00000
lː,--++++0+---+-----++--+-00000
lʲ,---+++0+---+-----++--+++-+-0
lʷ,---+++0+---+--++-++--+-00000
lˠ,---+++0+---+-----++--+++--+0
lˁ,---+++0+---+-----++--++-+-+0
l̃,---+++0+--++-----++--+-00000
ɾ,---+++0++--+-----++----00000
ɾ̩,+--+++0++--+-----++----00000
ɾ̰,---+++0++--+-+---++----00000
ɾ̤,---+++0++--++----++----00000
ɾ̥,---+++0++--------++----00000
ɾ̪,---+++0++--+-----+++---00000
ɾ̺,---+++0++--+-----++----00000
ɾ̻,---+++0++--+-----+++---00000
ɾː,--++++0++--+-----++----00000
ɾʲ,---+++0++--+-----++---++-+-0
ɾʷ,---+++0++--+--++-++----00000
ɾˠ,---+++0++--+-----++---++--+0
ɾˁ,---+++0++--+-----++---+-+-+0
ɾ̃,---+++0++-++-----++----00000
ɱ,---++-0---++--+-+-000--00000
ɱ̩,+--++-0---++--+-+-000--00000
ɱ̰,---++-0---++-++-+-000--00000
ɱ̤,---++-0---+++-+-+-000--00000
ɱ̥,---++-0---+---+-+-000--00000
ɱː,--+++-0---++--+-+-000--00000
ɱʲ,---++-0---++--+-+-000-++-+-0
ɱʷ,---++-0---++--+++-000--00000
ɱˠ,---++-0---++--+-+-000-++--+0
ɱˁ,---++-0---++--+-+-000-+-+-+0
ʔ,---+---------+----000--00000
ʔ̩,+--+---------+----000--00000
ʔ̬,---+-------+-+----000--00000
ʔː,--++---------+----000--00000
ʔʰ,---+--------+-----000--00000
ʔʲ,---+---------+----000-++-+-0
ʔʷ,---+---------+++--000--00000
ʔˠ,---+---------+----000-++--+0
ʔˁ,---+---------+----000-+-+-+0
ʔʼ,---+---------+----000--00000
ɣ̟,---+-++----+------000-++-+-0
ɣ̟̩,+--+-++----+------000-++-+-0
ɣ̟̰,---+-++----+-+----000-++-+-0
ɣ̟̤,---+-++----++-----000-++-+-0
ɣ̟̥,---+-++-----------000-++-+-0
ɣ̟̟,---+-++----+------000-++-+-0
ɣ̟̠,---+-++----+------000-++--+0
ɣ̟ː,--++-++----+------000-++-+-0
ɣ̟ʲ,---+-++----+------000-++-+-0
ɣ̟ʷ,---+-++----+--++--000-++-+-0
ɣ̟ˠ,---+-++----+------000-++--+0
ɣ̟ˁ,---+-++----+------000-+-+-+0
ɣ̟ʼ,---+-++----+-+----000-++-+-0
x̟,---+-++-----------000-++-+-0
x̟̩,+--+-++-----------000-++-+-0
x̟̬,---+-++----+------000-++-+-0
x̟̟,---+-++-----------000-++-+-0
x̟̠,---+-++-----------000-++--+0
x̟ː,--++-++-----------000-++-+-0
x̟ʰ,---+-++-----+-----000-++-+-0
x̟ʲ,---+-++-----------000-++-+-0
x̟ʷ,---+-++-------++--000-++-+-0
x̟ˠ,---+-++-----------000-++--+0
x̟ˁ,---+-++-----------000-+-+-+0
x̟ʼ,---+-++------+----000-++-+-0
k̟,---+--------------000-++-+-0
k̟̩,+--+--------------000-++-+-0
k̟̬,---+-------+------000-++-+-0
k̟̟,---+--------------000-++-+-0
k̟̠,---+--------------000-++--+0
k̟ː,--++--------------000-++-+-0
k̟ʰ,---+--------+-----000-++-+-0
k̟̚,---+--------------000-++-+-0
k̟ʲ,---+--------------000-++-+-0
k̟ʷ,---+----------++--000-++-+-0
k̟ˠ,---+--------------000-++--+0
k̟ˁ,---+--------------000-+-+-+0
k̟ʼ,---+---------+----000-++-+-0
g,---+-------+------000-++-+-0
g̩,+--+-------+------000-++-+-0
g̰,---+-------+-+----000-++-+-0
g̤,---+-------++-----000-++-+-0
g̥,---+--------------000-++-+-0
g̟,---+-------+------000-++-+-0
g̠,---+-------+------000-++--+0
gː,--++-------+------000-++-+-0
g̚,---+-------+------000-++-+-0
gʲ,---+-------+------000-++-+-0
gʷ,---+-------+--++--000-++-+-0
gˠ,---+-------+------000-++--+0
gˁ,---+-------+------000-+-+-+0
gʼ,---+-------+-+----000-++-+-0
k̟͡x̟,---+--+-----------000-++-+-0
k̟͡x̟̩,+--+--+-----------000-++-+-0
k̟͡x̟̬,---+--+----+------000-++-+-0
k̟͡x̟̟,---+--+-----------000-++-+-0
k̟͡x̟̠,---+--+-----------000-++--+0
k̟͡x̟ː,--++--+-----------000-++-+-0
k̟͡x̟ʰ,---+--+-----+-----000-++-+-0
k̟͡x̟ʲ,---+--+-----------000-++-+-0
k̟͡x̟ʷ,---+--+-------++--000-++-+-0
k̟͡x̟ˠ,---+--+-----------000-++--+0
k̟͡x̟ˁ,---+--+-----------000-+-+-+0
k̟͡x̟ʼ,---+--+------+----000-++-+-0
ɡ̟͡ɣ̟,---+--+----+------000-++-+-0
ɡ̟͡ɣ̟̩,+--+--+----+------000-++-+-0
ɡ̟͡ɣ̟̰,---+--+----+-+----000-++-+-0
ɡ̟͡ɣ̟̤,---+--+----++-----000-++-+-0
ɡ̟͡ɣ̟̥,---+--+-----------000-++-+-0
ɡ̟͡ɣ̟̟,---+--+----+------000-++-+-0
ɡ̟͡ɣ̟̠,---+--+----+------000-++--+0
ɡ̟͡ɣ̟ː,--++--+----+------000-++-+-0
ɡ̟͡ɣ̟ʲ,---+--+----+------000-++-+-0
ɡ̟͡ɣ̟ʷ,---+--+----+--++--000-++-+-0
ɡ̟͡ɣ̟ˠ,---+--+----+------000-++--+0
ɡ̟͡ɣ̟ˁ,---+--+----+------000-+-+-+0
ɡ̟͡ɣ̟ʼ,---+--+----+-+----000-++-+-0
ħ,---+-++-----------000-+-+-+0
ħ̩,+--+-++-----------000-+-+-+0
ħ̬,---+-++----+------000-+-+-+0
ħː,--++-++-----------000-+-+-+0
ħʰ,---+-++-----+-----000-+-+-+0
ħʲ,---+-++-----------000-++-+-0
ħʷ,---+-++-------++--000-+-+-+0
ħˠ,---+-++-----------000-++--+0
ħˁ,---+-++-----------000-+-+-+0
ħʼ,---+-++------+----000-+-+-+0
ʕ,---+-+-----+------000-+-+-+0
ʕ̩,+--+-+-----+------000-+-+-+0
ʕ̰,---+-+-----+-+----000-+-+-+0
ʕ̤,---+-+-----++-----000-+-+-+0
ʕ̥,---+-+------------000-+-+-+0
ʕː,--++-+-----+------000-+-+-+0
ʕʲ,---+-+-----+------000-++-+-0
ʕʷ,---+-+-----+--++--000-+-+-+0
ʕˠ,---+-+-----+------000-++--+0
ʕˁ,---+-+-----+------000-+-+-+0
ʕʼ,---+-+-----+-+----000-+-+-+0
ʁ,---+-++----+------000-+---+0
ʁ̩,+--+-++----+------000-+---+0
ʁ̰,---+-++----+-+----000-+---+0
ʁ̤,---+-++----++-----000-+---+0
ʁ̥,---+-++-----------000-+---+0
ʁː,--++-++----+------000-+---+0
ʁʲ,---+-++----+------000-++-+-0
ʁʷ,---+-++----+--++--000-+---+0
ʁˠ,---+-++----+------000-++--+0
ʁˁ,---+-++----+------000-+-+-+0
ʁʼ,---+-++----+-+----000-+---+0
q,---+--------------000-+---+0
q̩,+--+--------------000-+---+0
q̬,---+-------+------000-+---+0
qː,--++--------------000-+---+0
qʰ,---+--------+-----000-+---+0
q̚,---+--------------000-+---+0
qʲ,---+--------------000-++-+-0
qʷ,---+----------++--000-+---+0
qˠ,---+--------------000-++--+0
qˁ,---+--------------000-+-+-+0
qʼ,---+---------+----000-+---+0
χ,---+-++-----------000-+---+0
χ̩,+--+-++-----------000-+---+0
χ̬,---+-++----+------000-+---+0
χː,--++-++-----------000-+---+0
χʰ,---+-++-----+-----000-+---+0
χʲ,---+-++-----------000-++-+-0
χʷ,---+-++-------++--000-+---+0
χˠ,---+-++-----------000-++--+0
χˁ,---+-++-----------000-+-+-+0
χʼ,---+-++------+----000-+---+0
ɢ,---+-------+------000-+---+0
ɢ̩,+--+-------+------000-+---+0
ɢ̰,---+-------+-+----000-+---+0
ɢ̤,---+-------++-----000-+---+0
ɢ̥,---+--------------000-+---+0
ɢː,--++-------+------000-+---+0
ɢ̚,---+-------+------000-+---+0
ɢʲ,---+-------+------000-++-+-0
ɢʷ,---+-------+--++--000-+---+0
ɢˠ,---+-------+------000-++--+0
ɢˁ,---+-------+------000-+-+-+0
ɢʼ,---+-------+-+----000-+---+0
ɕ,---+-++----------++++-++-+-0
ɕ̩,+--+-++----------++++-++-+-0
ɕ̬,---+-++----+-----++++-++-+-0
ɕ̪,---+-++----------++++-++-+-0
ɕ̺,---+-++----------++-+-++-+-0
ɕ̻,---+-++----------++++-++-+-0
ɕ̟,---+-++----------++++-++-+-0
ɕ̠,---+-++----------++++-++--+0
ɕː,--++-++----------++++-++-+-0
ɕʰ,---+-++-----+----++++-++-+-0
ɕʲ,---+-++----------++++-++-+-0
ɕʷ,---+-++-------++-++++-++-+-0
ɕˠ,---+-++----------++++-++--+0
ɕˁ,---+-++----------++++-+-+-+0
ɕʼ,---+-++------+---++++-++-+-0
ɟ,---+-------+-----+-+--++-+-0
ɟ̩,+--+-------+-----+-+--++-+-0
ɟ̰,---+-------+-+---+-+--++-+-0
ɟ̤,---+-------++----+-+--++-+-0
ɟ̥,---+-------------+-+--++-+-0
ɟ̺,---+-------+-----+----++-+-0
ɟ̻,---+-------+-----+-+--++-+-0
ɟ̟,---+-------+-----+-+--++-+-0
ɟ̠,---+-------+-----+-+--++--+0
ɟː,--++-------+-----+-+--++-+-0
ɟ̚,---+-------+-----+-+--++-+-0
ɟʲ,---+-------+-----+-+--++-+-0
ɟʷ,---+-------+--++-+-+--++-+-0
ɟˠ,---+-------+-----+-+--++--+0
ɟˁ,---+-------+-----+-+--+-+-+0
ɟʼ,---+-------+-+---+-+--++-+-0
ʝ,---+-++----+-----+-+--++-+-0
ʝ̩,+--+-++----+-----+-+--++-+-0
ʝ̰,---+-++----+-+---+-+--++-+-0
ʝ̤,---+-++----++----+-+--++-+-0
ʝ̥,---+-++----------+-+--++-+-0
ʝ̺,---+-++----+-----+----++-+-0
ʝ̻,---+-++----+-----+-+--++-+-0
ʝ̟,---+-++----+-----+-+--++-+-0
ʝ̠,---+-++----+-----+-+--++--+0
ʝː,--++-++----+-----+-+--++-+-0
ʝʲ,---+-++----+-----+-+--++-+-0
ʝʷ,---+-++----+--++-+-+--++-+-0
ʝˠ,---+-++----+-----+-+--++--+0
ʝˁ,---+-++----+-----+-+--+-+-+0
ʝʼ,---+-++----+-+---+-+--++-+-0
c,---+-------------+-+--++-+-0
c̩,+--+-------------+-+--++-+-0
c̬,---+-------+-----+-+--++-+-0
c̺,---+-------------+----++-+-0
c̻,---+-------------+-+--++-+-0
c̟,---+-------------+-+--++-+-0
c̠,---+-------------+-+--++--+0
cː,--++-------------+-+--++-+-0
cʰ,---+--------+----+-+--++-+-0
c̚,---+-------------+-+--++-+-0
cʲ,---+-------------+-+--++-+-0
cʷ,---+----------++-+-+--++-+-0
cˠ,---+-------------+-+--++--+0
cˁ,---+-------------+-+--+-+-+0
cʼ,---+---------+---+-+--++-+-0
ç,---+-++----------+-+--++-+-0
ç̩,+--+-++----------+-+--++-+-0
ç̬,---+-++----+-----+-+--++-+-0
ç̺,---+-++----------+----++-+-0
ç̻,---+-++----------+-+--++-+-0
ç̟,---+-++----------+-+--++-+-0
ç̠,---+-++----------+-+--++--+0
çː,--++-++----------+-+--++-+-0
çʰ,---+-++-----+----+-+--++-+-0
çʲ,---+-++----------+-+--++-+-0
çʷ,---+-++-------++-+-+--++-+-0
çˠ,---+-++----------+-+--++--+0
çˁ,---+-++----------+-+--+-+-+0
çʼ,---+-++------+---+-+--++-+-0
d͡ʑ,---+--+----+-----++++-++-+-0
d͡ʑ̩,+--+--+----+-----++++-++-+-0
d͡ʑ̰,---+--+----+-+---++++-++-+-0
d͡ʑ̤,---+--+----++----++++-++-+-0
d͡ʑ̥,---+--+----------++++-++-+-0
d͡ʑ̪,---+--+----+-----++++-++-+-0
d͡ʑ̺,---+--+----+-----++-+-++-+-0
d͡ʑ̻,---+--+----+-----++++-++-+-0
d͡ʑ̟,---+--+----+-----++++-++-+-0
d͡ʑ̠,---+--+----+-----++++-++--+0
d͡ʑː,--++--+----+-----++++-++-+-0
d͡ʑʲ,---+--+----+-----++++-++-+-0
d͡ʑʷ,---+--+----+--++-++++-++-+-0
d͡ʑˠ,---+--+----+-----++++-++--+0
d͡ʑˁ,---+--+----+-----++++-+-+-+0
d͡ʑʼ,---+--+----+-+---++++-++-+-0
t͡ɕ,---+--+----------++++-++-+-0
t͡ɕ̩,+--+--+----------++++-++-+-0
t͡ɕ̬,---+--+----+-----++++-++-+-0
t͡ɕ̪,---+--+----------++++-++-+-0
t͡ɕ̺,---+--+----------++-+-++-+-0
t͡ɕ̻,---+--+----------++++-++-+-0
t͡ɕ̟,---+--+----------++++-++-+-0
t͡ɕ̠,---+--+----------++++-++--+0
t͡ɕː,--++--+----------++++-++-+-0
t͡ɕʰ,---+--+-----+----++++-++-+-0
t͡ɕʲ,---+--+----------++++-++-+-0
t͡ɕʷ,---+--+-------++-++++-++-+-0
t͡ɕˠ,---+--+----------++++-++--+0
t͡ɕˁ,---+--+----------++++-+-+-+0
t͡ɕʼ,---+--+------+---++++-++-+-0
ɣ,---+-++----+------000-++-000
ɣ̩,+--+-++----+------000-++-000
ɣ̰,---+-++----+-+----000-++-000
ɣ̤,---+-++----++-----000-++-000
ɣ̥,---+-++-----------000-++-000
ɣ̟,---+-++----+------000-++-+-0
ɣ̠,---+-++----+------000-++--+0
ɣː,--++-++----+------000-++-000
ɣʲ,---+-++----+------000-++-+-0
ɣʷ,---+-++----+--++--000-++-000
ɣˠ,---+-++----+------000-++--+0
ɣˁ,---+-++----+------000-+-+-+0
ɣʼ,---+-++----+-+----000-++-000
ɣ̠,---+-++----+------000-++--+0
ɣ̠̩,+--+-++----+------000-++--+0
ɣ̠̰,---+-++----+-+----000-++--+0
ɣ̠̤,---+-++----++-----000-++--+0
ɣ̠̥,---+-++-----------000-++--+0
ɣ̠̟,---+-++----+------000-++-+-0
ɣ̠̠,---+-++----+------000-++--+0
ɣ̠ː,--++-++----+------000-++--+0
ɣ̠ʲ,---+-++----+------000-++-+-0
ɣ̠ʷ,---+-++----+--++--000-++--+0
ɣ̠ˠ,---+-++----+------000-++--+0
ɣ̠ˁ,---+-++----+------000-+-+-+0
ɣ̠ʼ,---+-++----+-+----000-++--+0
x,---+-++-----------000-++-000
x̩,+--+-++-----------000-++-000
x̬,---+-++----+------000-++-000
x̟,---+-++-----------000-++-+-0
x̠,---+-++-----------000-++--+0
xː,--++-++-----------000-++-000
xʰ,---+-++-----+-----000-++-000
xʲ,---+-++-----------000-++-+-0
xʷ,---+-++-------++--000-++-000
xˠ,---+-++-----------000-++--+0
xˁ,---+-++-----------000-+-+-+0
xʼ,---+-++------+----000-++-000
x̠,---+-++-----------000-++--+0
x̠̩,+--+-++-----------000-++--+0
x̠̬,---+-++----+------000-++--+0
x̠̟,---+-++-----------000-++-+-0
x̠̠,---+-++-----------000-++--+0
x̠ː,--++-++-----------000-++--+0
x̠ʰ,---+-++-----+-----000-++--+0
x̠ʲ,---+-++-----------000-++-+-0
x̠ʷ,---+-++-------++--000-++--+0
x̠ˠ,---+-++-----------000-++--+0
x̠ˁ,---+-++-----------000-+-+-+0
x̠ʼ,---+-++------+----000-++--+0
k,---+--------------000-++-000
k̩,+--+--------------000-++-000
k̬,---+-------+------000-++-000
k̟,---+--------------000-++-+-0
k̠,---+--------------000-++--+0
kː,--++--------------000-++-000
kʰ,---+--------+-----000-++-000
k̚,---+--------------000-++-000
kʲ,---+--------------000-++-+-0
kʷ,---+----------++--000-++-000
kˠ,---+--------------000-++--+0
kˁ,---+--------------000-+-+-+0
kʼ,---+---------+----000-++-000
k̠,---+--------------000-++--+0
k̠̩,+--+--------------000-++--+0
k̠̬,---+-------+------000-++--+0
k̠̟,---+--------------000-++-+-0
k̠̠,---+--------------000-++--+0
k̠ː,--++--------------000-++--+0
k̠ʰ,---+--------+-----000-++--+0
k̠̚,---+--------------000-++--+0
k̠ʲ,---+--------------000-++-+-0
k̠ʷ,---+----------++--000-++--+0
k̠ˠ,---+--------------000-++--+0
k̠ˁ,---+--------------000-+-+-+0
k̠ʼ,---+---------+----000-++--+0
ɡ,---+-------+------000-++-000
ɡ̩,+--+-------+------000-++-000
ɡ̰,---+-------+-+----000-++-000
ɡ̤,---+-------++-----000-++-000
ɡ̥,---+--------------000-++-000
ɡ̟,---+-------+------000-++-+-0
ɡ̠,---+-------+------000-++--+0
ɡː,--++-------+------000-++-000
ɡ̚,---+-------+------000-++-000
ɡʲ,---+-------+------000-++-+-0
ɡʷ,---+-------+--++--000-++-000
ɡˠ,---+-------+------000-++--+0
ɡˁ,---+-------+------000-+-+-+0
ɡʼ,---+-------+-+----000-++-000
ɡ̠,---+-------+------000-++--+0
ɡ̠̩,+--+-------+------000-++--+0
ɡ̠̰,---+-------+-+----000-++--+0
ɡ̠̤,---+-------++-----000-++--+0
ɡ̠̥,---+--------------000-++--+0
ɡ̠̟,---+-------+------000-++-+-0
ɡ̠̠,---+-------+------000-++--+0
ɡ̠ː,--++-------+------000-++--+0
ɡ̠̚,---+-------+------000-++--+0
ɡ̠ʲ,---+-------+------000-++-+-0
ɡ̠ʷ,---+-------+--++--000-++--+0
ɡ̠ˠ,---+-------+------000-++--+0
ɡ̠ˁ,---+-------+------000-+-+-+0
ɡ̠ʼ,---+-------+-+----000-++--+0
ʑ,---+-++----+-----++++-++-+-0
ʑ̩,+--+-++----+-----++++-++-+-0
ʑ̰,---+-++----+-+---++++-++-+-0
ʑ̤,---+-++----++----++++-++-+-0
ʑ̥,---+-++----------++++-++-+-0
ʑ̪,---+-++----+-----++++-++-+-0
ʑ̺,---+-++----+-----++-+-++-+-0
ʑ̻,---+-++----+-----++++-++-+-0
ʑ̟,---+-++----+-----++++-++-+-0
ʑ̠,---+-++----+-----++++-++--+0
ʑː,--++-++----+-----++++-++-+-0
ʑʲ,---+-++----+-----++++-++-+-0
ʑʷ,---+-++----+--++-++++-++-+-0
ʑˠ,---+-++----+-----++++-++--+0
ʑˁ,---+-++----+-----++++-+-+-+0
ʑʼ,---+-++----+-+---++++-++-+-0
ʈ,---+-------------+-----00000
ʈ̩,+--+-------------+-----00000
ʈ̬,---+-------+-----+-----00000
ʈ̺,---+-------------+-----00000
ʈ̻,---+-------------+-+---00000
ʈː,--++-------------+-----00000
ʈʰ,---+--------+----+-----00000
ʈ̚,---+-------------+-----00000
ʈʲ,---+-------------+----++-+-0
ʈʷ,---+----------++-+-----00000
ʈˠ,---+-------------+----++--+0
ʈˁ,---+-------------+----+-+-+0
ʈʼ,---+---------+---+-----00000
ɖ,---+-------+-----+-----00000
ɖ̩,+--+-------+-----+-----00000
ɖ̰,---+-------+-+---+-----00000
ɖ̤,---+-------++----+-----00000
ɖ̥,---+-------------+-----00000
ɖ̺,---+-------+-----+-----00000
ɖ̻,---+-------+-----+-+---00000
ɖː,--++-------+-----+-----00000
ɖ̚,---+-------+-----+-----00000
ɖʲ,---+-------+-----+----++-+-0
ɖʷ,---+-------+--++-+-----00000
ɖˠ,---+-------+-----+----++--+0
ɖˁ,---+-------+-----+----+-+-+0
ɖʼ,---+-------+-+---+-----00000
ɬ,---+-++----------++--+-00000
ɬ̩,+--+-++----------++--+-00000
ɬ̬,---+-++----+-----++--+-00000
ɬ̪,---+-++----------+++-+-00000
ɬ̺,---+-++----------++--+-00000
ɬ̻,---+-++----------+++-+-00000
ɬː,--++-++----------++--+-00000
ɬʰ,---+-++-----+----++--+-00000
ɬʲ,---+-++----------++--+++-+-0
ɬʷ,---+-++-------++-++--+-00000
ɬˠ,---+-++----------++--+++--+0
ɬˁ,---+-++----------++--++-+-+0
ɬʼ,---+-++------+---++--+-00000
ʐ,---+-++----+-----+--+--00000
ʐ̩,+--+-++----+-----+--+--00000
ʐ̰,---+-++----+-+---+--+--00000
ʐ̤,---+-++----++----+--+--00000
ʐ̥,---+-++----------+--+--00000
ʐ̺,---+-++----+-----+--+--00000
ʐ̻,---+-++----+-----+-++--00000
ʐː,--++-++----+-----+--+--00000
ʐʲ,---+-++----+-----+--+-++-+-0
ʐʷ,---+-++----+--++-+--+--00000
ʐˠ,---+-++----+-----+--+-++--+0
ʐˁ,---+-++----+-----+--+-+-+-+0
ʐʼ,---+-++----+-+---+--+--00000
ɸ,---+-++-------+---000--00000
ɸ̩,+--+-++-------+---000--00000
ɸ̬,---+-++----+--+---000--00000
ɸː,--++-++-------+---000--00000
ɸʰ,---+-++-----+-+---000--00000
ɸʲ,---+-++-------+---000-++-+-0
ɸʷ,---+-++-------++--000--00000
ɸˠ,---+-++-------+---000-++--+0
ɸˁ,---+-++-------+---000-+-+-+0
ɸʼ,---+-++------++---000--00000
ʂ,---+-++----------+--+--00000
ʂ̩,+--+-++----------+--+--00000
ʂ̬,---+-++----+-----+--+--00000
ʂ̺,---+-++----------+--+--00000
ʂ̻,---+-++----------+-++--00000
ʂː,--++-++----------+--+--00000
ʂʰ,---+-++-----+----+--+--00000
ʂʲ,---+-++----------+--+-++-+-0
ʂʷ,---+-++-------++-+--+--00000
ʂˠ,---+-++----------+--+-++--+0
ʂˁ,---+-++----------+--+-+-+-+0
ʂʼ,---+-++------+---+--+--00000
ʒ,---+-++----+-----+-++--00000
ʒ̩,+--+-++----+-----+-++--00000
ʒ̰,---+-++----+-+---+-++--00000
ʒ̤,---+-++----++----+-++--00000
ʒ̥,---+-++----------+-++--00000
ʒ̺,---+-++----+-----+--+--00000
ʒ̻,---+-++----+-----+-++--00000
ʒː,--++-++----+-----+-++--00000
ʒʲ,---+-++----+-----+-++-++-+-0
ʒʷ,---+-++----+--++-+-++--00000
ʒˠ,---+-++----+-----+-++-++--+0
ʒˁ,---+-++----+-----+-++-+-+-+0
ʒʼ,---+-++----+-+---+-++--00000
z,---+-++----+-----++-+--00000
z̩,+--+-++----+-----++-+--00000
z̰,---+-++----+-+---++-+--00000
z̤,---+-++----++----++-+--00000
z̥,---+-++----------++-+--00000
z̪,---+-++----+-----++++--00000
z̺,---+-++----+-----++-+--00000
z̻,---+-++----+-----++++--00000
zː,--++-++----+-----++-+--00000
zʲ,---+-++----+-----++-+-++-+-0
zʷ,---+-++----+--++-++-+--00000
zˠ,---+-++----+-----++-+-++--+0
zˁ,---+-++----+-----++-+-+-+-+0
zʼ,---+-++----+-+---++-+--00000
v,---+-++----+--+-+-000--00000
v̩,+--+-++----+--+-+-000--00000
v̰,---+-++----+-++-+-000--00000
v̤,---+-++----++-+-+-000--00000
v̥,---+-++-------+-+-000--00000
vː,--++-++----+--+-+-000--00000
vʲ,---+-++----+--+-+-000-++-+-0
vʷ,---+-++----+--+++-000--00000
vˠ,---+-++----+--+-+-000-++--+0
vˁ,---+-++----+--+-+-000-+-+-+0
vʼ,---+-++----+-++-+-000--00000
t,---+-------------++----00000
t̩,+--+-------------++----00000
t̬,---+-------+-----++----00000
t̪,---+-------------+++---00000
t̺,---+-------------++----00000
t̻,---+-------------+++---00000
tː,--++-------------++----00000
tʰ,---+--------+----++----00000
t̚,---+-------------++----00000
tʲ,---+-------------++---++-+-0
tʷ,---+----------++-++----00000
tˠ,---+-------------++---++--+0
tˁ,---+-------------++---+-+-+0
tʼ,---+---------+---++----00000
ʃ,---+-++----------+-++--00000
ʃ̩,+--+-++----------+-++--00000
ʃ̬,---+-++----+-----+-++--00000
ʃ̺,---+-++----------+--+--00000
ʃ̻,---+-++----------+-++--00000
ʃː,--++-++----------+-++--00000
ʃʰ,---+-++-----+----+-++--00000
ʃʲ,---+-++----------+-++-++-+-0
ʃʷ,---+-++-------++-+-++--00000
ʃˠ,---+-++----------+-++-++--+0
ʃˁ,---+-++----------+-++-+-+-+0
ʃʼ,---+-++------+---+-++--00000
s,---+-++----------++-+--00000
s̩,+--+-++----------++-+--00000
s̬,---+-++----+-----++-+--00000
s̪,---+-++----------++++--00000
s̺,---+-++----------++-+--00000
s̻,---+-++----------++++--00000
sː,--++-++----------++-+--00000
sʰ,---+-++-----+----++-+--00000
sʲ,---+-++----------++-+-++-+-0
sʷ,---+-++-------++-++-+--00000
sˠ,---+-++----------++-+-++--+0
sˁ,---+-++----------++-+-+-+-+0
sʼ,---+-++------+---++-+--00000
p,---+----------+---000--00000
p̩,+--+----------+---000--00000
p̬,---+-------+--+---000--00000
pː,--++----------+---000--00000
pʰ,---+--------+-+---000--00000
p̚,---+----------+---000--00000
pʲ,---+----------+---000-++-+-0
pʷ,---+----------++--000--00000
pˠ,---+----------+---000-++--+0
pˁ,---+----------+---000-+-+-+0
pʼ,---+---------++---000--00000
f,---+-++-------+-+-000--00000
f̩,+--+-++-------+-+-000--00000
f̬,---+-++----+--+-+-000--00000
fː,--++-++-------+-+-000--00000
fʰ,---+-++-----+-+-+-000--00000
fʲ,---+-++-------+-+-000-++-+-0
fʷ,---+-++-------+++-000--00000
fˠ,---+-++-------+-+-000-++--+0
fˁ,---+-++-------+-+-000-+-+-+0
fʼ,---+-++------++-+-000--00000
d,---+-------+-----++----00000
d̩,+--+-------+-----++----00000
d̰,---+-------+-+---++----00000
d̤,---+-------++----++----00000
d̥,---+-------------++----00000
d̪,---+-------+-----+++---00000
d̺,---+-------+-----++----00000
d̻,---+-------+-----+++---00000
dː,--++-------+-----++----00000
d̚,---+-------+-----++----00000
dʲ,---+-------+-----++---++-+-0
dʷ,---+-------+--++-++----00000
dˠ,---+-------+-----++---++--+0
dˁ,---+-------+-----++---+-+-+0
dʼ,---+-------+-+---++----00000
b,---+-------+--+---000--00000
b̩,+--+-------+--+---000--00000
b̰,---+-------+-++---000--00000
b̤,---+-------++-+---000--00000
b̥,---+----------+---000--00000
bː,--++-------+--+---000--00000
b̚,---+-------+--+---000--00000
bʲ,---+-------+--+---000-++-+-0
bʷ,---+-------+--++--000--00000
bˠ,---+-------+--+---000-++--+0
bˁ,---+-------+--+---000-+-+-+0
bʼ,---+-------+-++---000--00000
θ,---+-++----------+++---00000
θ̩,+--+-++----------+++---00000
θ̬,---+-++----+-----+++---00000
θ̪,---+-++----------+++---00000
θ̺,---+-++----------++----00000
θ̻,---+-++----------+++---00000
θː,--++-++----------+++---00000
θʰ,---+-++-----+----+++---00000
θʲ,---+-++----------+++--++-+-0
θʷ,---+-++-------++-+++---00000
θˠ,---+-++----------+++--++--+0
θˁ,---+-++----------+++--+-+-+0
θʼ,---+-++------+---+++---00000
ɮ,---+-++----+-----++--+-00000
ɮ̩,+--+-++----+-----++--+-00000
ɮ̰,---+-++----+-+---++--+-00000
ɮ̤,---+-++----++----++--+-00000
ɮ̥,---+-++----------++--+-00000
ɮ̪,---+-++----+-----+++-+-00000
ɮ̺,---+-++----+-----++--+-00000
ɮ̻,---+-++----+-----+++-+-00000
ɮː,--++-++----+-----++--+-00000
ɮʲ,---+-++----+-----++--+++-+-0
ɮʷ,---+-++----+--++-++--+-00000
ɮˠ,---+-++----+-----++--+++--+0
ɮˁ,---+-++----+-----++--++-+-+0
ɮʼ,---+-++----+-+---++--+-00000
ð,---+-++----+-----+++---00000
ð̩,+--+-++----+-----+++---00000
ð̰,---+-++----+-+---+++---00000
ð̤,---+-++----++----+++---00000
ð̥,---+-++----------+++---00000
ð̪,---+-++----+-----+++---00000
ð̺,---+-++----+-----++----00000
ð̻,---+-++----+-----+++---00000
ðː,--++-++----+-----+++---00000
ðʲ,---+-++----+-----+++--++-+-0
ðʷ,---+-++----+--++-+++---00000
ðˠ,---+-++----+-----+++--++--+0
ðˁ,---+-++----+-----+++--+-+-+0
ðʼ,---+-++----+-+---+++---00000
β,---+-++----+--+---000--00000
β̩,+--+-++----+--+---000--00000
β̰,---+-++----+-++---000--00000
β̤,---+-++----++-+---000--00000
β̥,---+-++-------+---000--00000
βː,--++-++----+--+---000--00000
βʲ,---+-++----+--+---000-++-+-0
βʷ,---+-++----+--++--000--00000
βˠ,---+-++----+--+---000-++--+0
βˁ,---+-++----+--+---000-+-+-+0
βʼ,---+-++----+-++---000--00000
d͡ʒ,---+--+----+-----+-++--00000
d͡ʒ̩,+--+--+----+-----+-++--00000
d͡ʒ̰,---+--+----+-+---+-++--00000
d͡ʒ̤,---+--+----++----+-++--00000
d͡ʒ̥,---+--+----------+-++--00000
d͡ʒ̺,---+--+----+-----+--+--00000
d͡ʒ̻,---+--+----+-----+-++--00000
d͡ʒː,--++--+----+-----+-++--00000
d͡ʒʲ,---+--+----+-----+-++-++-+-0
d͡ʒʷ,---+--+----+--++-+-++--00000
d͡ʒˠ,---+--+----+-----+-++-++--+0
d͡ʒˁ,---+--+----+-----+-++-+-+-+0
d͡ʒʼ,---+--+----+-+---+-++--00000
d͡z,---+--+----+-----++-+--00000
d͡z̩,+--+--+----+-----++-+--00000
d͡z̰,---+--+----+-+---++-+--00000
d͡z̤,---+--+----++----++-+--00000
d͡z̥,---+--+----------++-+--00000
d͡z̪,---+--+----+-----++++--00000
d͡z̺,---+--+----+-----++-+--00000
d͡z̻,---+--+----+-----++++--00000
d͡zː,--++--+----+-----++-+--00000
d͡zʲ,---+--+----+-----++-+-++-+-0
d͡zʷ,---+--+----+--++-++-+--00000
d͡zˠ,---+--+----+-----++-+-++--+0
d͡zˁ,---+--+----+-----++-+-+-+-+0
d͡zʼ,---+--+----+-+---++-+--00000
d͡ɮ,---+--+----+-----++--+-00000
d͡ɮ̩,+--+--+----+-----++--+-00000
d͡ɮ̰,---+--+----+-+---++--+-00000
d͡ɮ̤,---+--+----++----++--+-00000
d͡ɮ̥,---+--+----------++--+-00000
d͡ɮ̪,---+--+----+-----+++-+-00000
d͡ɮ̺,---+--+----+-----++--+-00000
d͡ɮ̻,---+--+----+-----+++-+-00000
d͡ɮː,--++--+----+-----++--+-00000
d͡ɮʲ,---+--+----+-----++--+++-+-0
d͡ɮʷ,---+--+----+--++-++--+-00000
d͡ɮˠ,---+--+----+-----++--+++--+0
d͡ɮˁ,---+--+----+-----++--++-+-+0
d͡ɮʼ,---+--+----+-+---++--+-00000
d̠͡ɮ̠,---+--+----+-----+-+-+-00000
d̠͡ɮ̠̩,+--+--+----+-----+-+-+-00000
d̠͡ɮ̠̰,---+--+----+-+---+-+-+-00000
d̠͡ɮ̠̤,---+--+----++----+-+-+-00000
d̠͡ɮ̠̥,---+--+----------+-+-+-00000
d̠͡ɮ̠̺,---+--+----+-----+---+-00000
d̠͡ɮ̠̻,---+--+----+-----+-+-+-00000
d̠͡ɮ̠ː,--++--+----+-----+-+-+-00000
d̠͡ɮ̠ʲ,---+--+----+-----+-+-+++-+-0
d̠͡ɮ̠ʷ,---+--+----+--++-+-+-+-00000
d̠͡ɮ̠ˠ,---+--+----+-----+-+-+++--+0
d̠͡ɮ̠ˁ,---+--+----+-----+-+-++-+-+0
d̠͡ɮ̠ʼ,---+--+----+-+---+-+-+-00000
t͡ʃ,---+--+----------+-++--00000
t͡ʃ̩,+--+--+----------+-++--00000
t͡ʃ̬,---+--+----+-----+-++--00000
t͡ʃ̺,---+--+----------+--+--00000
t͡ʃ̻,---+--+----------+-++--00000
t͡ʃː,--++--+----------+-++--00000
t͡ʃʰ,---+--+-----+----+-++--00000
t͡ʃʲ,---+--+----------+-++-++-+-0
t͡ʃʷ,---+--+-------++-+-++--00000
t͡ʃˠ,---+--+----------+-++-++--+0
t͡ʃˁ,---+--+----------+-++-+-+-+0
t͡ʃʼ,---+--+------+---+-++--00000
t̠͡ɬ̠,---+--+----------+-+-+-00000
t̠͡ɬ̠̩,+--+--+----------+-+-+-00000
t̠͡ɬ̠̬,---+--+----+-----+-+-+-00000
t̠͡ɬ̠̺,---+--+----------+---+-00000
t̠͡ɬ̠̻,---+--+----------+-+-+-00000
t̠͡ɬ̠ː,--++--+----------+-+-+-00000
t̠͡ɬ̠ʰ,---+--+-----+----+-+-+-00000
t̠͡ɬ̠ʲ,---+--+----------+-+-+++-+-0
t̠͡ɬ̠ʷ,---+--+-------++-+-+-+-00000
t̠͡ɬ̠ˠ,---+--+----------+-+-+++--+0
t̠͡ɬ̠ˁ,---+--+----------+-+-++-+-+0
t̠͡ɬ̠ʼ,---+--+------+---+-+-+-00000
t͡s,---+--+----------++-+--00000
t͡s̩,+--+--+----------++-+--00000
t͡s̬,---+--+----+-----++-+--00000
t͡s̪,---+--+----------++++--00000
t͡s̺,---+--+----------++-+--00000
t͡s̻,---+--+----------++++--00000
t͡sː,--++--+----------++-+--00000
t͡sʰ,---+--+-----+----++-+--00000
t͡sʲ,---+--+----------++-+-++-+-0
t͡sʷ,---+--+-------++-++-+--00000
t͡sˠ,---+--+----------++-+-++--+0
t͡sˁ,---+--+----------++-+-+-+-+0
t͡sʼ,---+--+------+---++-+--00000
t͡ɬ,---+--+----------++--+-00000
t͡ɬ̩,+--+--+----------++--+-00000
t͡ɬ̬,---+--+----+-----++--+-00000
t͡ɬ̪,---+--+----------+++-+-00000
t͡ɬ̺,---+--+----------++--+-00000
t͡ɬ̻,---+--+----------+++-+-00000
t͡ɬː,--++--+----------++--+-00000
t͡ɬʰ,---+--+-----+----++--+-00000
t͡ɬʲ,---+--+----------++--+++-+-0
t͡ɬʷ,---+--+-------++-++--+-00000
t͡ɬˠ,---+--+----------++--+++--+0
t͡ɬˁ,---+--+----------++--++-+-+0
t͡ɬʼ,---+--+------+---++--+-00000
t̪͡s̪,---+--+----------++++--00000
t̪͡s̪̩,+--+--+----------++++--00000
t̪͡s̪̬,---+--+----+-----++++--00000
t̪͡s̪̪,---+--+----------++++--00000
t̪͡s̪̺,---+--+----------++-+--00000
t̪͡s̪̻,---+--+----------++++--00000
t̪͡s̪ː,--++--+----------++++--00000
t̪͡s̪ʰ,---+--+-----+----++++--00000
t̪͡s̪ʲ,---+--+----------++++-++-+-0
t̪͡s̪ʷ,---+--+-------++-++++--00000
t̪͡s̪ˠ,---+--+----------++++-++--+0
t̪͡s̪ˁ,---+--+----------++++-+-+-+0
t̪͡s̪ʼ,---+--+------+---++++--00000
t̪͡ɬ̪,---+--+----------+++-+-00000
t̪͡ɬ̪̩,+--+--+----------+++-+-00000
t̪͡ɬ̪̬,---+--+----+-----+++-+-00000
t̪͡ɬ̪̪,---+--+----------+++-+-00000
t̪͡ɬ̪̺,---+--+----------++--+-00000
t̪͡ɬ̪̻,---+--+----------+++-+-00000
t̪͡ɬ̪ː,--++--+----------+++-+-00000
t̪͡ɬ̪ʰ,---+--+-----+----+++-+-00000
t̪͡ɬ̪ʲ,---+--+----------+++-+++-+-0
t̪͡ɬ̪ʷ,---+--+-------++-+++-+-00000
t̪͡ɬ̪ˠ,---+--+----------+++-+++--+0
t̪͡ɬ̪ˁ,---+--+----------+++-++-+-+0
t̪͡ɬ̪ʼ,---+--+------+---+++-+-00000
d̪͡z̪,---+--+----+-----++++--00000
d̪͡z̪̩,+--+--+----+-----++++--00000
d̪͡z̪̰,---+--+----+-+---++++--00000
d̪͡z̪̤,---+--+----++----++++--00000
d̪͡z̪̥,---+--+----------++++--00000
d̪͡z̪̪,---+--+----+-----++++--00000
d̪͡z̪̺,---+--+----+-----++-+--00000
d̪͡z̪̻,---+--+----+-----++++--00000
d̪͡z̪ː,--++--+----+-----++++--00000
d̪͡z̪ʲ,---+--+----+-----++++-++-+-0
d̪͡z̪ʷ,---+--+----+--++-++++--00000
d̪͡z̪ˠ,---+--+----+-----++++-++--+0
d̪͡z̪ˁ,---+--+----+-----++++-+-+-+0
d̪͡z̪ʼ,---+--+----+-+---++++--00000
d̪͡ɮ̪,---+--+----+-----+++-+-00000
d̪͡ɮ̪̩,+--+--+----+-----+++-+-00000
d̪͡ɮ̪̰,---+--+----+-+---+++-+-00000
d̪͡ɮ̪̤,---+--+----++----+++-+-00000
d̪͡ɮ̪̥,---+--+----------+++-+-00000
d̪͡ɮ̪̪,---+--+----+-----+++-+-00000
d̪͡ɮ̪̺,---+--+----+-----++--+-00000
d̪͡ɮ̪̻,---+--+----+-----+++-+-00000
d̪͡ɮ̪ː,--++--+----+-----+++-+-00000
d̪͡ɮ̪ʲ,---+--+----+-----+++-+++-+-0
d̪͡ɮ̪ʷ,---+--+----+--++-+++-+-00000
d̪͡ɮ̪ˠ,---+--+----+-----+++-+++--+0
d̪͡ɮ̪ˁ,---+--+----+-----+++-++-+-+0
d̪͡ɮ̪ʼ,---+--+----+-+---+++-+-00000
ʈ͡ʂ,---+--+----------+--+--00000
ʈ͡ʂ̩,+--+--+----------+--+--00000
ʈ͡ʂ̬,---+--+----+-----+--+--00000
ʈ͡ʂ̺,---+--+----------+--+--00000
ʈ͡ʂ̻,---+--+----------+-++--00000
ʈ͡ʂː,--++--+----------+--+--00000
ʈ͡ʂʰ,---+--+-----+----+--+--00000
ʈ͡ʂʲ,---+--+----------+--+-++-+-0
ʈ͡ʂʷ,---+--+-------++-+--+--00000
ʈ͡ʂˠ,---+--+----------+--+-++--+0
ʈ͡ʂˁ,---+--+----------+--+-+-+-+0
ʈ͡ʂʼ,---+--+------+---+--+--00000
ɖ͡ʐ,---+--+----+-----+--+--00000
ɖ͡ʐ̩,+--+--+----+-----+--+--00000
ɖ͡ʐ̰,---+--+----+-+---+--+--00000
ɖ͡ʐ̤,---+--+----++----+--+--00000
ɖ͡ʐ̥,---+--+----------+--+--00000
ɖ͡ʐ̺,---+--+----+-----+--+--00000
ɖ͡ʐ̻,---+--+----+-----+-++--00000
ɖ͡ʐː,--++--+----+-----+--+--00000
ɖ͡ʐʲ,---+--+----+-----+--+-++-+-0
ɖ͡ʐʷ,---+--+----+--++-+--+--00000
ɖ͡ʐˠ,---+--+----+-----+--+-++--+0
ɖ͡ʐˁ,---+--+----+-----+--+-+-+-+0
ɖ͡ʐʼ,---+--+----+-+---+--+--00000
p͡f,---+--+-------+-+-000--00000
p͡f̩,+--+--+-------+-+-000--00000
p͡f̬,---+--+----+--+-+-000--00000
p͡fː,--++--+-------+-+-000--00000
p͡fʰ,---+--+-----+-+-+-000--00000
p͡fʲ,---+--+-------+-+-000-++-+-0
p͡fʷ,---+--+-------+++-000--00000
p͡fˠ,---+--+-------+-+-000-++--+0
p͡fˁ,---+--+-------+-+-000-+-+-+0
p͡fʼ,---+--+------++-+-000--00000
b͡v,---+--+----+--+-+-000--00000
b͡v̩,+--+--+----+--+-+-000--00000
b͡v̰,---+--+----+-++-+-000--00000
b͡v̤,---+--+----++-+-+-000--00000
b͡v̥,---+--+-------+-+-000--00000
b͡vː,--++--+----+--+-+-000--00000
b͡vʲ,---+--+----+--+-+-000-++-+-0
b͡vʷ,---+--+----+--+++-000--00000
b͡vˠ,---+--+----+--+-+-000-++--+0
b͡vˁ,---+--+----+--+-+-000-+-+-+0
b͡vʼ,---+--+----+-++-+-000--00000
p͡ɸ,---+--+-------+---000--00000
p͡ɸ̩,+--+--+-------+---000--00000
p͡ɸ̬,---+--+----+--+---000--00000
p͡ɸː,--++--+-------+---000--00000
p͡ɸʰ,---+--+-----+-+---000--00000
p͡ɸʲ,---+--+-------+---000-++-+-0
p͡ɸʷ,---+--+-------++--000--00000
p͡ɸˠ,---+--+-------+---000-++--+0
p͡ɸˁ,---+--+-------+---000-+-+-+0
p͡ɸʼ,---+--+------++---000--00000
b͡β,---+--+----+--+---000--00000
b͡β̩,+--+--+----+--+---000--00000
b͡β̰,---+--+----+-++---000--00000
b͡β̤,---+--+----++-+---000--00000
b͡β̥,---+--+-------+---000--00000
b͡βː,--++--+----+--+---000--00000
b͡βʲ,---+--+----+--+---000-++-+-0
b͡βʷ,---+--+----+--++--000--00000
b͡βˠ,---+--+----+--+---000-++--+0
b͡βˁ,---+--+----+--+---000-+-+-+0
b͡βʼ,---+--+----+-++---000--00000
t̪͡θ,---+--+----------+++---00000
t̪͡θ̩,+--+--+----------+++---00000
t̪͡θ̬,---+--+----+-----+++---00000
t̪͡θ̪,---+--+----------+++---00000
t̪͡θ̺,---+--+----------++----00000
t̪͡θ̻,---+--+----------+++---00000
t̪͡θː,--++--+----------+++---00000
t̪͡θʰ,---+--+-----+----+++---00000
t̪͡θʲ,---+--+----------+++--++-+-0
t̪͡θʷ,---+--+-------++-+++---00000
t̪͡θˠ,---+--+----------+++--++--+0
t̪͡θˁ,---+--+----------+++--+-+-+0
t̪͡θʼ,---+--+------+---+++---00000
d̪͡ð,---+--+----+-----+++---00000
d̪͡ð̩,+--+--+----+-----+++---00000
d̪͡ð̰,---+--+----+-+---+++---00000
d̪͡ð̤,---+--+----++----+++---00000
d̪͡ð̥,---+--+----------+++---00000
d̪͡ð̪,---+--+----+-----+++---00000
d̪͡ð̺,---+--+----+-----++----00000
d̪͡ð̻,---+--+----+-----+++---00000
d̪͡ðː,--++--+----+-----+++---00000
d̪͡ðʲ,---+--+----+-----+++--++-+-0
d̪͡ðʷ,---+--+----+--++-+++---00000
d̪͡ðˠ,---+--+----+-----+++--++--+0
d̪͡ðˁ,---+--+----+-----+++--+-+-+0
d̪͡ðʼ,---+--+----+-+---+++---00000
c͡ç,---+--+----------+-+--++-+-0
c͡ç̩,+--+--+----------+-+--++-+-0
c͡ç̬,---+--+----+-----+-+--++-+-0
c͡ç̺,---+--+----------+----++-+-0
c͡ç̻,---+--+----------+-+--++-+-0
c͡ç̟,---+--+----------+-+--++-+-0
c͡ç̠,---+--+----------+-+--++--+0
c͡çː,--++--+----------+-+--++-+-0
c͡çʰ,---+--+-----+----+-+--++-+-0
c͡çʲ,---+--+----------+-+--++-+-0
c͡çʷ,---+--+-------++-+-+--++-+-0
c͡çˠ,---+--+----------+-+--++--+0
c͡çˁ,---+--+----------+-+--+-+-+0
c͡çʼ,---+--+------+---+-+--++-+-0
ɟ͡ʝ,---+--+----+-----+-+--++-+-0
ɟ͡ʝ̩,+--+--+----+-----+-+--++-+-0
ɟ͡ʝ̰,---+--+----+-+---+-+--++-+-0
ɟ͡ʝ̤,---+--+----++----+-+--++-+-0
ɟ͡ʝ̥,---+--+----------+-+--++-+-0
ɟ͡ʝ̺,---+--+----+-----+----++-+-0
ɟ͡ʝ̻,---+--+----+-----+-+--++-+-0
ɟ͡ʝ̟,---+--+----+-----+-+--++-+-0
ɟ͡ʝ̠,---+--+----+-----+-+--++--+0
ɟ͡ʝː,--++--+----+-----+-+--++-+-0
ɟ͡ʝʲ,---+--+----+-----+-+--++-+-0
ɟ͡ʝʷ,---+--+----+--++-+-+--++-+-0
ɟ͡ʝˠ,---+--+----+-----+-+--++--+0
ɟ͡ʝˁ,---+--+----+-----+-+--+-+-+0
ɟ͡ʝʼ,---+--+----+-+---+-+--++-+-0
k͡x,---+--+-----------000-++-000
k͡x̩,+--+--+-----------000-++-000
k͡x̬,---+--+----+------000-++-000
k͡x̟,---+--+-----------000-++-+-0
k͡x̠,---+--+-----------000-++--+0
k͡xː,--++--+-----------000-++-000
k͡xʰ,---+--+-----+-----000-++-000
k͡xʲ,---+--+-----------000-++-+-0
k͡xʷ,---+--+-------++--000-++-000
k͡xˠ,---+--+-----------000-++--+0
k͡xˁ,---+--+-----------000-+-+-+0
k͡xʼ,---+--+------+----000-++-000
k̠͡x̠,---+--+-----------000-++--+0
k̠͡x̠̩,+--+--+-----------000-++--+0
k̠͡x̠̬,---+--+----+------000-++--+0
k̠͡x̠̟,---+--+-----------000-++-+-0
k̠͡x̠̠,---+--+-----------000-++--+0
k̠͡x̠ː,--++--+-----------000-++--+0
k̠͡x̠ʰ,---+--+-----+-----000-++--+0
k̠͡x̠ʲ,---+--+-----------000-++-+-0
k̠͡x̠ʷ,---+--+-------++--000-++--+0
k̠͡x̠ˠ,---+--+-----------000-++--+0
k̠͡x̠ˁ,---+--+-----------000-+-+-+0
k̠͡x̠ʼ,---+--+------+----000-++--+0
ɡ͡ɣ,---+--+----+------000-++-000
ɡ͡ɣ̩,+--+--+----+------000-++-000
ɡ͡ɣ̰,---+--+----+-+----000-++-000
ɡ͡ɣ̤,---+--+----++-----000-++-000
ɡ͡ɣ̥,---+--+-----------000-++-000
ɡ͡ɣ̟,---+--+----+------000-++-+-0
ɡ͡ɣ̠,---+--+----+------000-++--+0
ɡ͡ɣː,--++--+----+------000-++-000
ɡ͡ɣʲ,---+--+----+------000-++-+-0
ɡ͡ɣʷ,---+--+----+--++--000-++-000
ɡ͡ɣˠ,---+--+----+------000-++--+0
ɡ͡ɣˁ,---+--+----+------000-+-+-+0
ɡ͡ɣʼ,---+--+----+-+----000-++-000
ɡ̠͡ɣ̠,---+--+----+------000-++--+0
ɡ̠͡ɣ̠̩,+--+--+----+------000-++--+0
ɡ̠͡ɣ̠̰,---+--+----+-+----000-++--+0
ɡ̠͡ɣ̠̤,---+--+----++-----000-++--+0
ɡ̠͡ɣ̠̥,---+--+-----------000-++--+0
ɡ̠͡ɣ̠̟,---+--+----+------000-++-+-0
ɡ̠͡ɣ̠̠,---+--+----+------000-++--+0
ɡ̠͡ɣ̠ː,--++--+----+------000-++--+0
ɡ̠͡ɣ̠ʲ,---+--+----+------000-++-+-0
ɡ̠͡ɣ̠ʷ,---+--+----+--++--000-++--+0
ɡ̠͡ɣ̠ˠ,---+--+----+------000-++--+0
ɡ̠͡ɣ̠ˁ,---+--+----+------000-+-+-+0
ɡ̠͡ɣ̠ʼ,---+--+----+-+----000-++--+0
q͡χ,---+--+-----------000-+---+0
q͡χ̩,+--+--+-----------000-+---+0
q͡χ̬,---+--+----+------000-+---+0
q͡χː,--++--+-----------000-+---+0
q͡χʰ,---+--+-----+-----000-+---+0
q͡χʲ,---+--+-----------000-++-+-0
q͡χʷ,---+--+-------++--000-+---+0
q͡χˠ,---+--+-----------000-++--+0
q͡χˁ,---+--+-----------000-+-+-+0
q͡χʼ,---+--+------+----000-+---+0
ɢ͡ʁ,---+--+----+------000-+---+0
ɢ͡ʁ̩,+--+--+----+------000-+---+0
ɢ͡ʁ̰,---+--+----+-+----000-+---+0
ɢ͡ʁ̤,---+--+----++-----000-+---+0
ɢ͡ʁ̥,---+--+-----------000-+---+0
ɢ͡ʁː,--++--+----+------000-+---+0
ɢ͡ʁʲ,---+--+----+------000-++-+-0
ɢ͡ʁʷ,---+--+----+--++--000-+---+0
ɢ͡ʁˠ,---+--+----+------000-++--+0
ɢ͡ʁˁ,---+--+----+------000-+-+-+0
ɢ͡ʁʼ,---+--+----+-+----000-+---+0
ɧ,---+-++----------+-++-++-000
ɧ̩,+--+-++----------+-++-++-000
ɧ̬,---+-++----+-----+-++-++-000
ɧ̺,---+-++----------+--+-++-000
ɧ̻,---+-++----------+-++-++-000
ɧ̟,---+-++----------+-++-++-+-0
ɧ̠,---+-++----------+-++-++--+0
ɧː,--++-++----------+-++-++-000
ɧʰ,---+-++-----+----+-++-++-000
ɧʲ,---+-++----------+-++-++-+-0
ɧʷ,---+-++-------++-+-++-++-000
ɧˠ,---+-++----------+-++-++--+0
ɧˁ,---+-++----------+-++-+-+-+0
ɧʼ,---+-++------+---+-++-++-000
k͡p,---+----------+---000-++-000
k͡p̩,+--+----------+---000-++-000
k͡p̬,---+-------+--+---000-++-000
k͡p̟,---+----------+---000-++-+-0
k͡p̠,---+----------+---000-++--+0
k͡pː,--++----------+---000-++-000
k͡pʰ,---+--------+-+---000-++-000
k͡p̚,---+----------+---000-++-000
k͡pʲ,---+----------+---000-++-+-0
k͡pʷ,---+----------++--000-++-000
k͡pˠ,---+----------+---000-++--+0
k͡pˁ,---+----------+---000-+-+-+0
k͡pʼ,---+---------++---000-++-000
ɡ͡b,---+-------+--+---000-++-000
ɡ͡b̩,+--+-------+--+---000-++-000
ɡ͡b̰,---+-------+-++---000-++-000
ɡ͡b̤,---+-------++-+---000-++-000
ɡ͡b̥,---+----------+---000-++-000
ɡ͡b̟,---+-------+--+---000-++-+-0
ɡ͡b̠,---+-------+--+---000-++--+0
ɡ͡bː,--++-------+--+---000-++-000
ɡ͡b̚,---+-------+--+---000-++-000
ɡ͡bʲ,---+-------+--+---000-++-+-0
ɡ͡bʷ,---+-------+--++--000-++-000
ɡ͡bˠ,---+-------+--+---000-++--+0
ɡ͡bˁ,---+-------+--+---000-+-+-+0
ɡ͡bʼ,---+-------+-++---000-++-000
p͡t,---+----------+--++-+--00000
p͡t̩,+--+----------+--++-+--00000
p͡t̬,---+-------+--+--++-+--00000
p͡t̪,---+----------+--++++--00000
p͡t̺,---+----------+--++-+--00000
p͡t̻,---+----------+--++++--00000
p͡tː,--++----------+--++-+--00000
p͡tʰ,---+--------+-+--++-+--00000
p͡t̚,---+----------+--++-+--00000
p͡tʲ,---+----------+--++-+-++-+-0
p͡tʷ,---+----------++-++-+--00000
p͡tˠ,---+----------+--++-+-++--+0
p͡tˁ,---+----------+--++-+-+-+-+0
p͡tʼ,---+---------++--++-+--00000
b͡d,---+-------+--+--++-+--00000
b͡d̩,+--+-------+--+--++-+--00000
b͡d̰,---+-------+-++--++-+--00000
b͡d̤,---+-------++-+--++-+--00000
b͡d̥,---+----------+--++-+--00000
b͡d̪,---+-------+--+--++++--00000
b͡d̺,---+-------+--+--++-+--00000
b͡d̻,---+-------+--+--++++--00000
b͡dː,--++-------+--+--++-+--00000
b͡d̚,---+-------+--+--++-+--00000
b͡dʲ,---+-------+--+--++-+-++-+-0
b͡dʷ,---+-------+--++-++-+--00000
b͡dˠ,---+-------+--+--++-+-++--+0
b͡dˁ,---+-------+--+--++-+-+-+-+0
b͡dʼ,---+-------+-++--++-+--00000
ɰ,----++0+---+------000-++-00+
ɰ̰,----++0+---+-+----000-++-00+
ɰ̤,----++0+---++-----000-++-00+
ɰ̥,----++0+----------000-++-00+
ɰː,--+-++0+---+------000-++-00+
ɰʲ,----++0+---+------000-++-+-+
ɰʷ,----++0+---+--++--000-++-00+
ɰˠ,----++0+---+------000-++--++
ɰˁ,----++0+---+------000-+-+-++
ɰ̃,----++0+--++------000-++-00+
ɰ̠,----++0+---+------000-++--++
ɰ̠̰,----++0+---+-+----000-++--++
ɰ̠̤,----++0+---++-----000-++--++
ɰ̠̥,----++0+----------000-++--++
ɰ̠ː,--+-++0+---+------000-++--++
ɰ̠ʲ,----++0+---+------000-++-+-+
ɰ̠ʷ,----++0+---+--++--000-++--++
ɰ̠ˠ,----++0+---+------000-++--++
ɰ̠ˁ,----++0+---+------000-+-+-++
ɰ̠̃,----++0+--++------000-++--++
w,----++0+---+--++--000-++--++
w̰,----++0+---+-+++--000-++--++
w̤,----++0+---++-++--000-++--++
w̥,----++0+------++--000-++--++
wː,--+-++0+---+--++--000-++--++
wʲ,----++0+---+--++--000-++-+-+
wʷ,----++0+---+--++--000-++--++
wˠ,----++0+---+--++--000-++--++
wˁ,----++0+---+--++--000-+-+-++
w̃,----++0+--++--++--000-++--++
ɥ,----++0+---+--++--000-++-+-+
ɥ̰,----++0+---+-+++--000-++-+-+
ɥ̤,----++0+---++-++--000-++-+-+
ɥ̥,----++0+------++--000-++-+-+
ɥː,--+-++0+---+--++--000-++-+-+
ɥʲ,----++0+---+--++--000-++-+-+
ɥʷ,----++0+---+--++--000-++-+-+
ɥˠ,----++0+---+--++--000-++--++
ɥˁ,----++0+---+--++--000-+-+-++
ɥ̃,----++0+--++--++--000-++-+-+
j,----++0+---+------000-++-+-+
j̰,----++0+---+-+----000-++-+-+
j̤,----++0+---++-----000-++-+-+
j̥,----++0+----------000-++-+-+
jː,--+-++0+---+------000-++-+-+
jʲ,----++0+---+------000-++-+-+
jʷ,----++0+---+--++--000-++-+-+
jˠ,----++0+---+------000-++--++
jˁ,----++0+---+------000-+-+-++
j̃,----++0+--++------000-++-+-+
ɹ,----++0+---+-----+-+---00000
ɹ̰,----++0+---+-+---+-+---00000
ɹ̤,----++0+---++----+-+---00000
ɹ̥,----++0+---------+-+---00000
ɹː,--+-++0+---+-----+-+---00000
ɹʲ,----++0+---+-----+-+--++-+-0
ɹʷ,----++0+---+--++-+-+---00000
ɹˠ,----++0+---+-----+-+--++--+0
ɹˁ,----++0+---+-----+-+--+-+-+0
ɹ̃,----++0+--++-----+-+---00000
ʋ,----++0+---+--+-+-000--00000
ʋ̰,----++0+---+-++-+-000--00000
ʋ̤,----++0+---++-+-+-000--00000
ʋ̥,----++0+------+-+-000--00000
ʋː,--+-++0+---+--+-+-000--00000
ʋʲ,----++0+---+--+-+-000-++-+-0
ʋʷ,----++0+---+--+++-000--00000
ʋˠ,----++0+---+--+-+-000-++--+0
ʋˁ,----++0+---+--+-+-000-+-+-+0
ʋ̃,----++0+--++--+-+-000--00000
ʍ,-----++-----+-++--000-++--++
ʍ̬,-----++----++-++--000-++--++
ʍː,--+--++-----+-++--000-++--++
ʍʲ,-----++-----+-++--000-++-+-+
ʍʷ,-----++-----+-++--000-++--++
ʍˠ,-----++-----+-++--000-++--++
ʍˁ,-----++-----+-++--000-+-+-++
ʍʼ,-----++------+++--000-++--++
ɦ,-----++----++-----000--00000
ɦ̰,-----++----+-+----000--00000
ɦ̥,-----++-----+-----000--00000
ɦː,--+--++----++-----000--00000
ɦʲ,-----++----++-----000-++-+-0
ɦʷ,-----++----++-++--000--00000
ɦˠ,-----++----++-----000-++--+0
ɦˁ,-----++----++-----000-+-+-+0
ɦʼ,-----++----+-+----000--00000
h,-----++-----+-----000--00000
h̬,-----++----++-----000--00000
hː,--+--++-----+-----000--00000
hʲ,-----++-----+-----000-++-+-0
hʷ,-----++-----+-++--000--00000
hˠ,-----++-----+-----000-++--+0
hˁ,-----++-----+-----000-+-+-+0
hʼ,-----++------+----000--00000
